﻿<?xml version="1.0" encoding="utf-8" ?>
<Defs>

  <ResearchProjectDef>
    <defName>DF_DungeonScrying</defName>
    <label>Dungeon Scrying Research</label>
    <description>Learn how to leverage magical base materials to enable your researchers to scan for dungeoneering sites across the planet. Be aware that dungeons will not surrender their treasures without a fight.</description>
    <baseCost>575</baseCost>
    <techLevel>Medieval</techLevel>
    <tags>
      <li>ClassicStart</li>
      <li>TribalStart</li>
    </tags>
	<researchViewX>0.00</researchViewX>
	<researchViewY>5.00</researchViewY>
  </ResearchProjectDef>

</Defs>
