<?xml version="1.0" encoding="utf-8"?>
<Defs>

	<AlienRace.ThingDef_AlienRace ParentName="BasePawn">
		<defName>DF_Skeleton</defName>
		<label>Ancient Skeleton</label>
		<description>A mysterious ambulatory corpse that bleeds when struck. These creatures seem to be fueled by primal energies, requiring neither sleep nor food.
Common to dungeons, scholars theorize them to be either the remains of those unfortunate enough to run afoul of a dungeon’s hazards—risen to defend what they once sought to claim for themselves—or the cursed remains of those who built these structures.
A few skeletons can be found outside the dungeons they roam, either captured and converted into tireless and expendable warriors, or turned to more esoteric pursuits.</description>
		<statBases>
			<ComfyTemperatureMin>-100</ComfyTemperatureMin>
			<ComfyTemperatureMax>180</ComfyTemperatureMax>
			<MarketValue>100</MarketValue>
			<Mass>50</Mass>
			<MoveSpeed>4.6</MoveSpeed>
			<Flammability>1.5</Flammability>
			<!-- base 1.5 -->
			<MeatAmount>50</MeatAmount>
			<LeatherAmount>8</LeatherAmount>
			<CarryingCapacity>20</CarryingCapacity>
		</statBases>
		<tools>
			<li>
				<label>left fist</label>
				<capacities>
					<li>Blunt</li>
				</capacities>
				<power>3.2</power>
				<cooldownTime>2</cooldownTime>
				<linkedBodyPartsGroup>LeftHand</linkedBodyPartsGroup>
				<surpriseAttack>
					<extraMeleeDamages>
						<li>
							<def>Stun</def>
							<amount>14</amount>
						</li>
					</extraMeleeDamages>
				</surpriseAttack>
			</li>
			<li>
				<label>right fist</label>
				<capacities>
					<li>Blunt</li>
				</capacities>
				<power>3.2</power>
				<cooldownTime>2</cooldownTime>
				<linkedBodyPartsGroup>RightHand</linkedBodyPartsGroup>
				<surpriseAttack>
					<extraMeleeDamages>
						<li>
							<def>Stun</def>
							<amount>14</amount>
						</li>
					</extraMeleeDamages>
				</surpriseAttack>
			</li>
			<li>
				<label>teeth</label>
				<capacities>
					<li>Bite</li>
				</capacities>
				<power>3.2</power>
				<cooldownTime>2</cooldownTime>
				<linkedBodyPartsGroup>Teeth</linkedBodyPartsGroup>
				<chanceFactor>0.07</chanceFactor>
			</li>
			<li>
				<label>head</label>
				<capacities>
					<li>Blunt</li>
				</capacities>
				<power>5</power>
				<cooldownTime>2</cooldownTime>
				<linkedBodyPartsGroup>HeadAttackTool</linkedBodyPartsGroup>
				<ensureLinkedBodyPartsGroupAlwaysUsable>true</ensureLinkedBodyPartsGroupAlwaysUsable>
				<chanceFactor>0.2</chanceFactor>
			</li>
		</tools>
		<alienRace>
			<generalSettings>
				<humanRecipeImport>true</humanRecipeImport>
				<factionRelations>
					<li>
						<factions>
							<li>PlayerColony</li>
							<li>PlayerTribe</li>
						</factions>
					</li>
				</factionRelations>

				<!-- <pawnsSpecificBackstories>true</pawnsSpecificBackstories> -->
				<alienPartGenerator>
					<alienbodytypes>
						<li>Male</li>
						<li>Fat</li>
						<li>Female</li>
						<li>Hulk</li>
						<li>Thin</li>
					</alienbodytypes>
					<aliencrowntypes>
						<li>Head</li>
					</aliencrowntypes>
					<useGenderedHeads>false</useGenderedHeads>
					<colorChannels>
						<li>
							<name>skin</name>
							<first Class="ColorGenerator_Options">
								<options>
									<li>
										<weight>10</weight>
										<only>(132,135,132)</only>
									</li>
								</options>
							</first>

							<second Class="ColorGenerator_Options">
								<options>
									<li>
										<weight>10</weight>
										<only>(132,135,132)</only>
									</li>
								</options>
							</second>
						</li>
					</colorChannels>
				</alienPartGenerator>
			</generalSettings>    
			<graphicPaths>
				<li>
					<body>Things/Skeleton/Body/</body>
					<head>Things/Skeleton/Head/</head>
				</li>
			</graphicPaths>
            <styleSettings>
                <li>
                    <key>HairDef</key>
                    <value>
                        <hasStyle>false</hasStyle>
                    </value>
                </li>
                <li>
                    <key>BeardDef</key>
                    <value>
                        <hasStyle>false</hasStyle>
                    </value>
                </li>
                <li>
                    <key>TattooDef</key>
                    <value>
                        <hasStyle>false</hasStyle>
                    </value>
                </li>
            </styleSettings>
			<thoughtSettings>
				<cannotReceiveThoughtsAtAll>true</cannotReceiveThoughtsAtAll>
			</thoughtSettings>
		</alienRace>
		<race>
			<thinkTreeMain>Humanlike</thinkTreeMain>
			<thinkTreeConstant>HumanlikeConstant</thinkTreeConstant>
			<intelligence>Humanlike</intelligence>
			<makesFootprints>true</makesFootprints>
			<lifeExpectancy>250</lifeExpectancy>
			<!-- granite -->
			<nameCategory>HumanStandard</nameCategory>
			<body>Human</body>
			<baseHealthScale>0.7</baseHealthScale>
			<baseHungerRate>0</baseHungerRate>
			<needsRest>false</needsRest>
			<foodType>None</foodType>
			<gestationPeriodDays>100</gestationPeriodDays>

			<litterSizeCurve>
				<points>
					<li>(0.5, 0)</li>
					<li>(1, 1)</li>
					<li>(1.01, 0.02)</li>
					<li>(3.5, 0)</li>
				</points>
			</litterSizeCurve>

			<lifeStageAges>
				<li>
					<def>HumanlikeBaby</def>
					<minAge>0</minAge>
				</li>
				<li>
					<def>HumanlikeToddler</def>
					<minAge>1.2</minAge>
				</li>
				<li>
					<def>HumanlikeChild</def>
					<minAge>4</minAge>
				</li>
				<li>
					<def>HumanlikeTeenager</def>
					<minAge>13</minAge>
				</li>
				<li>
					<def>HumanlikeAdult</def>
					<minAge>18</minAge>
				</li>
			</lifeStageAges>

			<soundMeleeHitPawn>Pawn_Melee_BigBash_HitPawn</soundMeleeHitPawn>
			<soundMeleeHitBuilding>Pawn_Melee_BigBash_HitBuilding</soundMeleeHitBuilding>
			<soundMeleeMiss>Pawn_Melee_BigBash_Miss</soundMeleeMiss>

			<specialShadowData>
				<volume>(0.3, 0.8, 0.4)</volume>
				<offset>(0,0,-0.3)</offset>
			</specialShadowData>

			<ageGenerationCurve>
				<points>
					<li>(4,0)</li>
					<li>(15,30)</li>
					<li>(30,60)</li>
					<li>(50,100)</li>
					<li>(100,40)</li>
					<li>(150,20)</li>
					<li>(170,10)</li>
					<li>(200,4)</li>
					<li>(250,2)</li>
					<li>(275,2)</li>
					<li>(299,1)</li>
					<li>(300,0)</li>
				</points>
			</ageGenerationCurve>
			<hediffGiverSets>
				<li>OrganicStandard</li>
				<li>Human</li>
			</hediffGiverSets>
		</race>
		<recipes>
			<li>InstallArchotechEye</li>
			<li>InstallArchotechArm</li>
			<li>InstallArchotechLeg</li>
			<li>InstallPowerClaw</li>
			<li>InstallBionicEye</li>
			<li>InstallBionicArm</li>
			<li>InstallBionicLeg</li>
			<li>InstallBionicSpine</li>
			<li>InstallBionicHeart</li>
			<li>InstallBionicStomach</li>
			<li>InstallBionicEar</li>
			<li>InstallSimpleProstheticArm</li>
			<li>InstallSimpleProstheticLeg</li>
			<li>InstallSimpleProstheticHeart</li>
			<li>InstallCochlearImplant</li>
			<li>InstallPegLeg</li>
			<li>InstallWoodenFoot</li>
			<li>InstallDenture</li>
			<li>InstallJoywire</li>
			<li>InstallPainstopper</li>
			<li>InstallNaturalHeart</li>
			<li>InstallNaturalLung</li>
			<li>InstallNaturalKidney</li>
			<li>InstallNaturalLiver</li>
			<li>ExciseCarcinoma</li>
			<li>AdministerMechSerumHealer</li>
			<li>RemoveBodyPart</li>
			<li>Euthanize</li>
			<li>Anesthetize</li>
		</recipes>
	</AlienRace.ThingDef_AlienRace>
  
</Defs>