<?xml version="1.0" encoding="utf-8" ?>
<Defs>

	<EncounterFramework.LocationDef>
		<defName>DF_GraveyardThree</defName>
		<filePreset>Presets/Graveyard3.xml</filePreset>
		<lootGenerator>
			<treasureChests>
				<DF_SmallTreasureChest>1</DF_SmallTreasureChest>
				<DF_TreasureChestTwo>0.5</DF_TreasureChestTwo>
				<DF_BigTreasureChest>0.3</DF_BigTreasureChest>
			</treasureChests>
			<treasureChestCount>3~10</treasureChestCount>
			<spawnIndoor>true</spawnIndoor>
		</lootGenerator>
		<threatGenerator>
			<options>
				<li>
					<chance>0.25</chance>
					<lordJob>Verse.AI.Group.LordJob_DefendPoint</lordJob>
					<outdoorsOnly>true</outdoorsOnly>
					<manhunterAnimals>true</manhunterAnimals>
					<manhuntPoints>600~1000</manhuntPoints>
					<letterDef>ThreatBig</letterDef>
					<letterTitle>Manhunter pack</letterTitle>
					<letterDescription>Manhunter pack is roaming around the location and will attack you.</letterDescription>
				</li>
			</options>
			<optionsOneOfAll>
				<li>
					<chance>0.3</chance>
					<lordJob>Verse.AI.Group.LordJob_DefendPoint</lordJob>
					<indoorsOnly>true</indoorsOnly>
					<combatPoints>2000~3000</combatPoints>
					<defaultFaction>DF_SkeletalFaction</defaultFaction>
					<pawnGroupMaker>
						<kindDef>Combat</kindDef>
						<commonality>100</commonality>
						<options>
							<DF_Skeleton>10</DF_Skeleton>
						</options>
					</pawnGroupMaker>
				</li>
				<li>
					<chance>0.3</chance>
					<lordJob>Verse.AI.Group.LordJob_DefendPoint</lordJob>
					<indoorsOnly>true</indoorsOnly>
					<combatPoints>2000~3000</combatPoints>
					<defaultFaction>Insect</defaultFaction>
					<pawnGroupMaker>
						<kindDef>Combat</kindDef>
						<commonality>100</commonality>
						<options>
							<Megascarab>10</Megascarab>
							<Spelopede>10</Spelopede>
							<Megaspider>10</Megaspider>
						</options>
					</pawnGroupMaker>
				</li>
				<li>
					<chance>0.3</chance>
					<lordJob>Verse.AI.Group.LordJob_DefendPoint</lordJob>
					<indoorsOnly>true</indoorsOnly>
					<combatPoints>1000~1500</combatPoints>
					<defaultFaction>TribeSavage</defaultFaction>
					<pawnGroupMaker>
						<kindDef>Combat</kindDef>
						<commonality>100</commonality>
						<options>
							<Tribal_Breacher>5</Tribal_Breacher>
							<Tribal_Penitent>5</Tribal_Penitent>
							<Tribal_Warrior>5</Tribal_Warrior>
							<Tribal_Archer>10</Tribal_Archer>
							<Tribal_Hunter>10</Tribal_Hunter>
							<Tribal_HeavyArcher>10</Tribal_HeavyArcher>
							<Tribal_Berserker>5</Tribal_Berserker>
							<Tribal_ChiefRanged>3</Tribal_ChiefRanged>
							<Tribal_ChiefMelee>1.5</Tribal_ChiefMelee>
						</options>
					</pawnGroupMaker>
				</li>
			</optionsOneOfAll>
		</threatGenerator>
	</EncounterFramework.LocationDef>
	
</Defs>