<?xml version="1.0" encoding="utf-8" ?>
<Defs>

  <ThingSetMakerDef>
    <defName>DF_MapGen_GraveyardOne</defName>
    <root Class="ThingSetMaker_Sum">
      <options>

        <!-- Artifacts -->
        <li>
          <thingSetMaker Class="EncounterFramework.ThingSetMaker_DungeonRewardGenerator">
            <fixedParams>
			  <totalMarketValueRange>500~5000</totalMarketValueRange>
			  <qualityGenerator>Super</qualityGenerator>
              <countRange>5~10</countRange>
            </fixedParams>
          </thingSetMaker>
        </li>

      </options>
    </root>
  </ThingSetMakerDef>

</Defs>
