<?xml version="1.0" encoding="utf-8" ?>
<Defs>

  <SitePartDef>
    <defName>DF_GraveyardFour</defName>
    <label>Graveyard</label>
    <description>Graveyard.</description>
    <siteTexture>World/WorldObjects/Sites/GenericSite</siteTexture>
    <expandingIconTexture>UI/WorldSites/DungeonSite</expandingIconTexture>
    <applyFactionColorToSiteTexture>true</applyFactionColorToSiteTexture>
    <showFactionInInspectString>true</showFactionInInspectString>
    <requiresFaction>false</requiresFaction>
    <approachOrderString>Visit {0}</approachOrderString>
    <approachingReportString>Visiting {0}</approachingReportString>
    <arrivedLetter>There is a location in this area.</arrivedLetter>
    <arrivedLetterDef>NegativeEvent</arrivedLetterDef>
    <wantsThreatPoints>true</wantsThreatPoints>
    <minThreatPoints>300</minThreatPoints>
    <tags>
      <li>DF_GraveyardFour</li>
    </tags>
    <excludesTags>
      <li>MechCluster</li>
      <li>SleepingMechanoids</li>
      <li>Manhunters</li>
      <li>MineralScannerPreciousLumpThreat</li>
      <li>ItemStashQuestThreat</li>
      <li>DownedRefugeeQuestThreat</li>
      <li>PrisFourrRescueQuestThreat</li>
      <li>QuestActiveThreatDefense</li>
      <li>QuestActiveThreatDefenseNoHidden</li>
    </excludesTags>
  </SitePartDef>

  <GenStepDef>
    <defName>DF_GraveyardFour</defName>
    <linkWithSite>DF_GraveyardFour</linkWithSite>
    <order>9999</order>
    <genStep Class="EncounterFramework.GenStep_LocationGeneration">
		<locationDef>DF_GraveyardFour</locationDef>
	</genStep>
  </GenStepDef>
  
</Defs>
